city,region,visitors,satisfaction,spending,stay_days,season,month
札幌,道央,508,4.1,16900,2.0,冬,1
札幌,道央,545,4.4,19900,1.9,冬,2
札幌,道央,435,4.1,15600,2.3,春,3
札幌,道央,424,4.3,16400,2.3,春,4
札幌,道央,515,4.4,18000,1.8,春,5
札幌,道央,635,4.1,20400,1.9,夏,6
札幌,道央,766,4.0,18700,1.9,夏,7
札幌,道央,779,4.4,19900,2.5,夏,8
札幌,道央,602,4.1,20400,2.3,秋,9
札幌,道央,610,4.4,18900,2.3,秋,10
札幌,道央,460,4.1,16400,2.1,秋,11
札幌,道央,500,4.0,17900,2.1,冬,12
小樽,道央,254,4.2,13800,1.3,冬,1
小樽,道央,248,4.4,15800,1.6,冬,2
小樽,道央,206,4.1,14000,1.4,春,3
小樽,道央,257,4.3,13700,1.7,春,4
小樽,道央,292,4.2,14100,1.1,春,5
小樽,道央,288,4.2,13800,1.9,夏,6
小樽,道央,377,4.4,13900,1.5,夏,7
小樽,道央,394,4.2,14400,1.3,夏,8
小樽,道央,303,4.3,13000,1.9,秋,9
小樽,道央,280,4.5,12800,1.6,秋,10
小樽,道央,203,4.1,12300,1.7,秋,11
小樽,道央,289,4.1,14000,1.4,冬,12
函館,道南,324,4.7,20800,2.4,冬,1
函館,道南,280,4.6,21800,2.1,冬,2
函館,道南,251,4.3,19800,2.0,春,3
函館,道南,276,4.7,21200,1.8,春,4
函館,道南,326,4.7,17600,2.4,春,5
函館,道南,342,4.6,21800,1.7,夏,6
函館,道南,440,4.6,21300,2.1,夏,7
函館,道南,391,4.3,20200,2.4,夏,8
函館,道南,384,4.4,21500,1.7,秋,9
函館,道南,367,4.3,22000,2.0,秋,10
函館,道南,241,4.6,21100,1.7,秋,11
函館,道南,324,4.4,20900,2.4,冬,12
松前,道南,84,4.1,10900,1.6,冬,1
松前,道南,85,4.3,11100,1.5,冬,2
松前,道南,76,3.9,10800,1.1,春,3
松前,道南,78,4.0,11000,1.1,春,4
松前,道南,86,4.0,11100,1.7,春,5
松前,道南,111,4.0,10700,1.5,夏,6
松前,道南,115,4.3,10800,1.4,夏,7
松前,道南,125,4.3,12700,1.1,夏,8
松前,道南,95,4.1,11000,1.3,秋,9
松前,道南,104,4.3,11700,1.0,秋,10
松前,道南,75,4.3,10800,1.1,秋,11
松前,道南,89,4.1,11500,1.2,冬,12
旭川,道北,199,4.0,16900,2.1,冬,1
旭川,道北,222,4.2,13700,2.1,冬,2
旭川,道北,205,4.2,15700,1.4,春,3
旭川,道北,197,4.0,13200,1.4,春,4
旭川,道北,225,3.9,15900,2.0,春,5
旭川,道北,251,4.2,15400,2.2,夏,6
旭川,道北,300,3.8,16500,1.6,夏,7
旭川,道北,337,4.0,16000,2.0,夏,8
旭川,道北,231,4.0,15100,2.1,秋,9
旭川,道北,225,3.8,16400,1.5,秋,10
旭川,道北,191,3.9,15400,1.4,秋,11
旭川,道北,249,4.0,14400,1.9,冬,12
富良野,道北,168,4.4,18900,2.5,冬,1
富良野,道北,169,4.3,19500,2.1,冬,2
富良野,道北,158,4.3,16300,2.4,春,3
富良野,道北,148,4.6,17000,2.6,春,4
富良野,道北,173,4.3,16000,2.5,春,5
富良野,道北,223,4.3,20600,1.8,夏,6
富良野,道北,259,4.5,19800,2.6,夏,7
富良野,道北,260,4.6,16700,2.0,夏,8
富良野,道北,214,4.2,19700,1.8,秋,9
富良野,道北,182,4.3,18100,2.2,秋,10
富良野,道北,160,4.5,16600,1.9,秋,11
富良野,道北,189,4.6,20400,1.8,冬,12
帯広,道東,150,3.9,15500,2.1,冬,1
帯広,道東,164,4.2,15500,1.9,冬,2
帯広,道東,134,3.9,13400,2.2,春,3
帯広,道東,156,4.3,15400,1.9,春,4
帯広,道東,156,4.0,13800,2.2,春,5
帯広,道東,195,4.3,18200,1.6,夏,6
帯広,道東,205,4.2,15100,2.2,夏,7
帯広,道東,220,3.9,17200,2.2,夏,8
帯広,道東,197,4.3,17600,2.2,秋,9
帯広,道東,159,4.0,16700,2.2,秋,10
帯広,道東,144,4.3,17200,1.6,秋,11
帯広,道東,178,4.3,14900,2.2,冬,12
釧路,道東,135,4.2,18800,1.9,冬,1
釧路,道東,159,4.0,16300,1.8,冬,2
釧路,道東,123,4.4,17600,1.9,春,3
釧路,道東,139,4.4,15800,2.1,春,4
釧路,道東,171,4.4,14700,1.8,春,5
釧路,道東,188,4.0,16800,2.0,夏,6
釧路,道東,212,4.3,17000,2.1,夏,7
釧路,道東,205,4.1,18100,2.2,夏,8
釧路,道東,155,4.2,18500,2.2,秋,9
釧路,道東,173,4.1,17500,1.7,秋,10
釧路,道東,132,4.1,16100,2.4,秋,11
釧路,道東,164,4.1,16700,2.0,冬,12
