id,city,category,visitors,rating
1,札幌,自然,4521,4.1
2,札幌,グルメ,4518,3.8
3,札幌,温泉,3030,4.9
4,札幌,歴史・文化,3066,3.7
5,札幌,イベント,2494,4.0
6,札幌,自然,3009,3.6
7,札幌,グルメ,3010,4.3
8,札幌,温泉,3867,4.5
9,札幌,歴史・文化,2142,3.4
10,札幌,イベント,3210,3.9
11,函館,自然,3434,3.9
12,函館,グルメ,2733,4.2
13,函館,温泉,2159,3.9
14,函館,歴史・文化,2200,4.2
15,函館,イベント,2240,3.4
16,函館,自然,3551,4.3
17,函館,グルメ,1688,4.8
18,函館,温泉,1702,3.9
19,函館,歴史・文化,1477,3.4
20,函館,イベント,1828,3.9
21,旭川,自然,1427,4.6
22,旭川,グルメ,1416,4.4
23,旭川,温泉,1216,4.1
24,旭川,歴史・文化,1270,4.3
25,旭川,イベント,1992,4.3
26,旭川,自然,1393,4.4
27,旭川,グルメ,2649,4.2
28,旭川,温泉,1780,4.1
29,旭川,歴史・文化,1847,4.2
30,旭川,イベント,1700,4.3
31,小樽,自然,3249,3.8
32,小樽,グルメ,1629,3.8
33,小樽,温泉,2018,4.2
34,小樽,歴史・文化,2021,3.5
35,小樽,イベント,2652,4.2
36,小樽,自然,1594,3.7
37,小樽,グルメ,2649,4.2
38,小樽,温泉,2473,4.3
39,小樽,歴史・文化,1632,3.8
40,小樽,イベント,2492,4.2
41,帯広,自然,1903,4.6
42,帯広,グルメ,2090,4.3
43,帯広,温泉,1685,3.9
44,帯広,歴史・文化,1475,3.9
45,帯広,イベント,1042,4.0
46,帯広,自然,1723,4.6
47,帯広,グルメ,1342,3.7
48,帯広,温泉,1753,4.4
49,帯広,歴史・文化,1190,4.2
50,帯広,イベント,1716,3.9
51,釧路,自然,1389,4.0
52,釧路,グルメ,1174,3.9
53,釧路,温泉,1491,3.8
54,釧路,歴史・文化,984,4.0
55,釧路,イベント,1201,3.8
56,釧路,自然,2006,4.6
57,釧路,グルメ,1206,4.3
58,釧路,温泉,1390,4.5
59,釧路,歴史・文化,1056,4.4
60,釧路,イベント,1448,3.5
61,富良野,自然,2833,4.3
62,富良野,グルメ,1988,3.8
63,富良野,温泉,1634,3.9
64,富良野,歴史・文化,2212,3.5
65,富良野,イベント,1676,3.6
66,富良野,自然,2719,4.0
67,富良野,グルメ,2030,3.9
68,富良野,温泉,1452,4.3
69,富良野,歴史・文化,2201,3.5
70,富良野,イベント,2324,3.6
71,登別,自然,2127,4.5
72,登別,グルメ,1788,3.8
73,登別,温泉,1206,4.5
74,登別,歴史・文化,1885,4.0
75,登別,イベント,2378,3.6
76,登別,自然,1820,4.6
77,登別,グルメ,1761,4.3
78,登別,温泉,1682,4.0
79,登別,歴史・文化,1738,3.9
80,登別,イベント,2094,3.3
81,網走,自然,979,4.5
82,網走,グルメ,1280,3.8
83,網走,温泉,1020,4.0
84,網走,歴史・文化,918,4.4
85,網走,イベント,1261,4.0
86,網走,自然,1355,4.6
87,網走,グルメ,1339,3.9
88,網走,温泉,1155,4.8
89,網走,歴史・文化,1088,4.5
90,網走,イベント,1284,3.6
91,稚内,自然,943,4.1
92,稚内,グルメ,1151,4.5
93,稚内,温泉,1141,3.8
94,稚内,歴史・文化,969,3.9
95,稚内,イベント,1019,4.2
96,稚内,自然,700,4.4
97,稚内,グルメ,812,4.3
98,稚内,温泉,919,4.0
99,稚内,歴史・文化,762,3.6
100,稚内,イベント,937,3.7
